SUMLEV,STATE,COUNTY,STNAME,CTYNAME,YEAR,AGEGRP,TOT_POP,TOT_MALE,TOT_FEMALE,WA_MALE,WA_FEMALE,BA_MALE,BA_FEMALE,IA_MALE,IA_FEMALE,AA_MALE,AA_FEMALE,NA_MALE,NA_FEMALE,TOM_MALE,TOM_FEMALE
50,48,1,Texas,Anderson County,12,0,57735,35474,22261,24946,18089,9322,3306,263,165,325,213,54,42,564,446
50,48,3,Texas,Andrews County,12,0,18705,9568,9137,9009,8632,212,170,140,134,68,62,3,1,136,138
50,48,5,Texas,Angelina County,12,0,86715,42353,44362,34473,35753,6453,7142,333,332,446,477,38,27,610,631
50,48,7,Texas,Aransas County,12,0,23510,11633,11877,10751,11090,247,159,163,145,231,260,12,12,229,211
50,48,9,Texas,Archer County,12,0,8553,4186,4367,3980,4158,51,45,62,69,16,25,3,3,74,67
50,48,11,Texas,Armstrong County,12,0,1887,923,964,892,925,15,7,8,17,2,5,0,0,6,10
50,48,13,Texas,Atascosa County,12,0,51153,25474,25679,24248,24507,377,314,363,323,158,160,28,40,300,335
50,48,15,Texas,Austin County,12,0,30032,14931,15101,13051,13190,1350,1429,129,116,117,123,8,5,276,238
50,48,17,Texas,Bailey County,12,0,7000,3516,3484,3209,3236,87,62,122,116,41,23,2,7,55,40
50,48,19,Texas,Bandera County,12,0,23112,11472,11640,10955,11077,127,129,165,140,50,81,6,4,169,209
50,48,21,Texas,Bastrop County,12,0,88723,45112,43611,39367,38283,3408,3049,923,844,402,422,68,62,944,951
50,48,23,Texas,Baylor County,12,0,3509,1704,1805,1586,1678,53,55,22,8,4,13,1,2,38,49
50,48,25,Texas,Bee County,12,0,32565,19825,12740,16754,11935,2606,300,152,159,101,108,18,12,194,226
50,48,27,Texas,Bell County,12,0,362924,180296,182628,119922,118669,43826,44889,2059,1864,4680,6794,1519,1559,8290,8853
50,48,29,Texas,Bexar County,12,0,2003554,989790,1013764,834238,853880,86526,85876,12319,12131,30417,35029,2227,2336,24063,24512
50,48,31,Texas,Blanco County,12,0,11931,5950,5981,5592,5690,129,54,91,57,30,83,3,7,105,90
50,48,33,Texas,Borden County,12,0,654,337,317,320,301,6,0,0,5,0,1,0,0,11,10
50,48,35,Texas,Bosque County,12,0,18685,9237,9448,8702,8981,232,174,97,71,48,72,5,9,153,141
50,48,37,Texas,Bowie County,12,0,93245,46673,46572,32678,32355,11716,11978,516,478,512,632,49,33,1202,1096
50,48,39,Texas,Brazoria County,12,0,374264,189053,185211,142252,138078,28850,27762,1627,1530,12266,13733,190,173,3868,3935
50,48,41,Texas,Brazos County,12,0,229211,115425,113786,91826,90693,12392,13220,802,734,7804,6594,153,137,2448,2408
50,48,43,Texas,Brewster County,12,0,9203,4689,4514,4329,4167,93,60,90,80,74,86,6,7,97,114
50,48,45,Texas,Briscoe County,12,0,1546,769,777,718,720,24,27,4,7,3,1,0,0,20,22
50,48,47,Texas,Brooks County,12,0,7093,3616,3477,3484,3359,42,36,25,27,46,33,1,2,18,20
50,48,49,Texas,Brown County,12,0,37864,18732,19132,17180,17806,850,694,165,169,168,136,17,15,352,312
50,48,51,Texas,Burleson County,12,0,18443,9104,9339,7658,7813,1126,1224,113,96,54,37,2,5,151,164
50,48,53,Texas,Burnet County,12,0,48155,23599,24556,22185,23175,541,441,310,274,196,266,25,18,342,382
50,48,55,Texas,Caldwell County,12,0,43664,22029,21635,19506,19289,1526,1348,369,343,226,226,21,26,381,403
50,48,57,Texas,Calhoun County,12,0,21290,10930,10360,9711,9301,343,323,101,83,616,519,6,6,153,128
50,48,59,Texas,Callahan County,12,0,13943,6915,7028,6558,6647,124,113,57,75,43,54,8,5,125,134
50,48,61,Texas,Cameron County,12,0,423163,206296,216867,199915,210861,1921,1549,1437,1443,1705,1630,170,145,1148,1239
50,48,63,Texas,Camp County,12,0,13094,6362,6732,5000,5293,992,1174,81,45,89,48,8,15,192,157
50,48,65,Texas,Carson County,12,0,5926,2982,2944,2809,2789,35,30,54,42,13,27,2,1,69,55
50,48,67,Texas,Cass County,12,0,30026,14512,15514,11649,12378,2398,2719,110,120,71,78,11,5,273,214
50,48,69,Texas,Castro County,12,0,7530,3863,3667,3624,3436,113,89,67,72,21,29,1,0,37,41
50,48,71,Texas,Chambers County,12,0,43837,22123,21714,19375,19020,1846,1791,251,217,275,311,30,25,346,350
50,48,73,Texas,Cherokee County,12,0,52646,26824,25822,21545,21205,4117,3503,461,408,148,155,26,9,527,542
50,48,75,Texas,Childress County,12,0,7306,4475,2831,3674,2597,675,116,39,35,30,26,0,2,57,55
50,48,77,Texas,Clay County,12,0,10471,5230,5241,4984,4961,65,45,64,81,13,37,1,0,103,117
50,48,79,Texas,Cochran County,12,0,2853,1447,1406,1311,1276,66,60,40,47,8,6,3,4,19,13
50,48,81,Texas,Coke County,12,0,3387,1695,1692,1595,1599,22,13,44,42,2,3,1,0,31,35
50,48,83,Texas,Coleman County,12,0,8175,4161,4014,3835,3694,139,125,60,56,38,53,3,0,86,86
50,48,85,Texas,Collin County,12,0,1034730,509556,525174,355041,361630,52955,59437,3603,3504,83217,85395,481,549,14259,14659
50,48,87,Texas,Collingsworth County,12,0,2920,1430,1490,1273,1293,85,101,41,53,7,8,0,0,24,35
50,48,89,Texas,Colorado County,12,0,21493,10823,10670,9060,8924,1358,1335,128,109,67,85,8,8,202,209
50,48,91,Texas,Comal County,12,0,156209,77331,78878,71973,73222,2243,1946,678,673,860,1347,82,99,1495,1591
50,48,93,Texas,Comanche County,12,0,13635,6794,6841,6480,6529,90,58,82,100,37,54,6,1,99,99
50,48,95,Texas,Concho County,12,0,2726,1449,1277,1337,1218,43,17,10,15,43,6,1,0,15,21
50,48,97,Texas,Cooke County,12,0,41257,20576,20681,18908,19033,809,681,287,279,178,249,15,10,379,429
50,48,99,Texas,Coryell County,12,0,75951,37826,38125,27962,27850,6638,6827,439,462,670,980,390,353,1727,1653
50,48,101,Texas,Cottle County,12,0,1398,681,717,582,621,81,75,2,5,0,1,1,0,15,15
50,48,103,Texas,Crane County,12,0,4797,2418,2379,2220,2203,99,77,42,32,20,27,2,4,35,36
50,48,105,Texas,Crockett County,12,0,3464,1738,1726,1618,1625,31,24,43,40,14,21,2,1,30,15
50,48,107,Texas,Crosby County,12,0,5737,2847,2890,2618,2691,115,116,35,30,11,7,3,1,65,45
50,48,109,Texas,Culberson County,12,0,2171,1083,1088,970,998,26,13,28,26,25,21,1,0,33,30
50,48,111,Texas,Dallam County,12,0,7287,3836,3451,3520,3204,113,77,87,80,37,39,6,4,73,47
50,48,113,Texas,Dallas County,12,0,2635516,1300175,1335341,883177,870958,287945,333402,14494,14015,87977,89258,1348,1465,25234,26243
50,48,115,Texas,Dawson County,12,0,12728,6962,5766,6111,5277,560,236,99,58,74,96,10,7,108,92
50,48,117,Texas,Deaf Smith County,12,0,18546,9246,9300,8691,8756,226,193,161,167,48,69,7,6,113,109
50,48,119,Texas,Delta County,12,0,5331,2653,2678,2292,2333,206,152,60,72,16,20,1,2,78,99
50,48,121,Texas,Denton County,12,0,887207,436223,450984,332455,338412,45960,51849,3717,3705,41746,44078,534,523,11811,12417
50,48,123,Texas,DeWitt County,12,0,20160,10585,9575,9150,8594,1122,718,120,87,40,42,8,0,145,134
50,48,125,Texas,Dickens County,12,0,2211,1227,984,1046,907,102,25,37,16,17,10,0,2,25,24
50,48,127,Texas,Dimmit County,12,0,10124,4933,5191,4710,4983,92,78,46,36,36,41,0,2,49,51
50,48,129,Texas,Donley County,12,0,3278,1612,1666,1471,1503,95,103,15,21,8,11,1,1,22,27
50,48,131,Texas,Duval County,12,0,11157,5707,5450,5452,5308,123,37,53,47,26,32,8,5,45,21
50,48,133,Texas,Eastland County,12,0,18360,9180,9180,8628,8679,230,167,123,103,56,82,8,7,135,142
50,48,135,Texas,Ector County,12,0,166223,84862,81361,76326,73460,4679,4197,1325,1131,1025,1133,204,241,1303,1199
50,48,137,Texas,Edwards County,12,0,1932,1024,908,973,854,9,14,22,24,7,7,0,0,13,9
50,48,139,Texas,Ellis County,12,0,184826,91277,93549,77027,78342,10899,11570,758,809,687,882,115,133,1791,1813
50,48,141,Texas,El Paso County,12,0,839238,414807,424431,377948,392815,19335,14110,4622,4305,5346,6065,967,913,6589,6223
50,48,143,Texas,Erath County,12,0,42698,20923,21775,19557,20536,475,392,287,280,214,229,20,27,370,311
50,48,145,Texas,Falls County,12,0,17297,8196,9101,6029,6401,1826,2354,101,97,51,58,17,19,172,172
50,48,147,Texas,Fannin County,12,0,35514,18876,16638,16455,15182,1587,706,243,232,135,143,23,6,433,369
50,48,149,Texas,Fayette County,12,0,25346,12486,12860,11338,11631,771,830,154,162,53,63,5,12,165,162
50,48,151,Texas,Fisher County,12,0,3830,1916,1914,1757,1761,80,75,22,28,10,10,1,0,46,40
50,48,153,Texas,Floyd County,12,0,5712,2871,2841,2626,2624,123,121,44,35,17,14,0,4,61,43
50,48,155,Texas,Foard County,12,0,1155,547,608,503,560,25,30,4,4,2,8,0,0,13,6
50,48,157,Texas,Fort Bend County,12,0,811688,398284,413404,222289,221978,81368,91792,2406,2382,82446,87375,357,422,9418,9455
50,48,159,Texas,Franklin County,12,0,10725,5337,5388,4881,4948,219,231,71,54,54,60,3,2,109,93
50,48,161,Texas,Freestone County,12,0,19717,10246,9471,8053,7665,1716,1408,168,120,90,86,3,3,216,189
50,48,163,Texas,Frio County,12,0,20306,12016,8290,10567,7921,699,142,134,75,485,71,0,5,131,76
50,48,165,Texas,Gaines County,12,0,21492,10877,10615,10265,10129,291,207,127,101,50,39,7,2,137,137
50,48,167,Texas,Galveston County,12,0,342139,167942,174197,135838,138747,21394,23880,1374,1385,5507,6424,182,180,3647,3581
50,48,169,Texas,Garza County,12,0,6229,4050,2179,3625,1921,295,163,34,30,25,22,6,2,65,41
50,48,171,Texas,Gillespie County,12,0,26988,13151,13837,12667,13375,103,78,157,154,63,77,17,17,144,136
50,48,173,Texas,Glasscock County,12,0,1409,777,632,755,613,11,11,7,0,1,1,0,2,3,5
50,48,175,Texas,Goliad County,12,0,7658,3766,3892,3436,3606,209,175,38,47,20,19,1,1,62,44
50,48,177,Texas,Gonzales County,12,0,20837,10554,10283,9333,9173,824,730,201,163,45,67,17,10,134,140
50,48,179,Texas,Gray County,12,0,21886,11773,10113,10342,9320,943,293,158,190,71,79,3,2,256,229
50,48,181,Texas,Grayson County,12,0,136212,66608,69604,58247,60999,4149,4278,1216,1298,1067,1052,51,66,1878,1911
50,48,183,Texas,Gregg County,12,0,123945,60264,63681,45210,47045,12206,13706,637,591,832,912,78,52,1301,1375
50,48,185,Texas,Grimes County,12,0,28880,15713,13167,12543,10872,2640,1822,166,130,59,54,25,13,280,276
50,48,187,Texas,Guadalupe County,12,0,166847,82545,84302,70314,71729,7608,7133,798,821,1330,1976,189,202,2306,2441
50,48,189,Texas,Hale County,12,0,33406,17410,15996,15493,14629,1225,712,290,293,118,107,28,22,256,233
50,48,191,Texas,Hall County,12,0,2964,1450,1514,1253,1329,145,125,23,23,6,8,1,1,22,28
50,48,193,Texas,Hamilton County,12,0,8461,4231,4230,3987,4024,51,34,92,74,34,39,4,2,63,57
50,48,195,Texas,Hansford County,12,0,5399,2723,2676,2603,2542,32,24,44,52,9,14,2,1,33,43
50,48,197,Texas,Hardeman County,12,0,3933,1986,1947,1761,1777,129,95,26,23,10,12,0,0,60,40
50,48,199,Texas,Hardin County,12,0,57602,28325,29277,25954,26764,1557,1675,187,177,200,228,10,7,417,426
50,48,201,Texas,Harris County,12,0,4713325,2339443,2373882,1655138,1623551,441146,499700,26121,23849,168062,177344,2819,2941,46157,46497
50,48,203,Texas,Harrison County,12,0,66553,32613,33940,24701,25182,6590,7459,418,408,245,268,45,30,614,593
50,48,205,Texas,Hartley County,12,0,5576,3355,2221,2927,2098,353,39,22,22,26,21,1,1,26,40
50,48,207,Texas,Haskell County,12,0,5658,2999,2659,2700,2439,166,105,38,27,32,18,0,0,63,70
50,48,209,Texas,Hays County,12,0,230191,114298,115893,102577,104550,5565,5089,1456,1355,1903,2088,201,123,2596,2688
50,48,211,Texas,Hemphill County,12,0,3819,1905,1914,1816,1811,13,19,27,33,22,27,1,4,26,20
50,48,213,Texas,Henderson County,12,0,82737,40514,42223,36234,38071,2670,2663,411,356,249,309,43,40,907,784
50,48,215,Texas,Hidalgo County,12,0,868707,426020,442687,412435,429994,4361,3386,2326,2362,4457,4621,201,202,2240,2122
50,48,217,Texas,Hill County,12,0,36649,18208,18441,16330,16492,1200,1256,197,162,101,148,28,25,352,358
50,48,219,Texas,Hockley County,12,0,23021,11476,11545,10614,10746,464,463,162,144,76,41,9,6,151,145
50,48,221,Texas,Hood County,12,0,61643,30043,31600,28590,30220,383,326,328,277,229,316,25,33,488,428
50,48,223,Texas,Hopkins County,12,0,37084,18259,18825,16188,16709,1346,1409,195,192,139,126,21,24,370,365
50,48,225,Texas,Houston County,12,0,22968,12294,10674,8685,7822,3272,2513,98,68,74,114,2,0,163,157
50,48,227,Texas,Howard County,12,0,36664,20951,15713,18055,14278,1842,722,359,231,275,178,23,13,397,291
50,48,229,Texas,Hudspeth County,12,0,4886,2594,2292,2321,2085,122,66,47,50,38,38,6,3,60,50
50,48,231,Texas,Hunt County,12,0,98594,48534,50060,42133,43142,3880,4250,602,685,716,775,94,101,1109,1107
50,48,233,Texas,Hutchinson County,12,0,20938,10583,10355,9718,9484,329,296,212,237,74,85,6,8,244,245
50,48,235,Texas,Irion County,12,0,1536,781,755,744,718,9,10,10,8,4,4,0,0,14,15
50,48,237,Texas,Jack County,12,0,8935,5047,3888,4580,3718,320,46,54,44,31,21,4,8,58,51
50,48,239,Texas,Jackson County,12,0,14760,7345,7415,6573,6612,478,517,72,67,82,77,3,4,137,138
50,48,241,Texas,Jasper County,12,0,35529,17578,17951,14298,14465,2754,2939,132,137,100,109,10,18,284,283
50,48,243,Texas,Jeff Davis County,12,0,2274,1164,1110,1096,1031,16,14,17,17,7,27,2,0,26,21
50,48,245,Texas,Jefferson County,12,0,251565,128629,122936,77332,71218,42361,43446,1472,1163,5097,4826,124,113,2243,2170
50,48,247,Texas,Jim Hogg County,12,0,5200,2666,2534,2590,2460,25,16,19,17,14,15,0,2,18,24
50,48,249,Texas,Jim Wells County,12,0,40482,20086,20396,19288,19715,278,155,231,178,90,151,15,14,184,183
50,48,251,Texas,Johnson County,12,0,175817,87897,87920,79831,80500,3975,3410,904,858,817,931,469,414,1901,1807
50,48,253,Texas,Jones County,12,0,20083,12602,7481,9744,6896,2373,285,166,117,116,47,1,0,202,136
50,48,255,Texas,Karnes County,12,0,15601,9136,6465,7645,6123,1286,137,87,80,36,44,4,2,78,79
50,48,257,Texas,Kaufman County,12,0,136154,67120,69034,54819,55839,9045,9889,686,694,932,1095,63,65,1575,1452
50,48,259,Texas,Kendall County,12,0,47431,23250,24181,21954,22859,376,311,193,162,283,388,24,22,420,439
50,48,261,Texas,Kenedy County,12,0,404,212,192,188,176,12,5,3,4,6,1,0,0,3,6
50,48,263,Texas,Kent County,12,0,762,388,374,362,355,4,5,7,5,0,1,1,0,14,8
50,48,265,Texas,Kerr County,12,0,52600,25326,27274,23652,25684,605,433,303,301,281,347,36,24,449,485
50,48,267,Texas,Kimble County,12,0,4337,2126,2211,2030,2143,24,14,41,21,16,20,1,2,14,11
50,48,269,Texas,King County,12,0,272,136,136,130,128,0,0,2,2,0,0,1,0,3,6
50,48,271,Texas,Kinney County,12,0,3667,2012,1655,1879,1541,50,30,33,26,9,13,4,4,37,41
50,48,273,Texas,Kleberg County,12,0,30680,15592,15088,14003,13843,732,527,182,128,450,287,25,32,200,271
50,48,275,Texas,Knox County,12,0,3664,1792,1872,1598,1691,100,114,31,13,6,6,0,1,57,47
50,48,277,Texas,Lamar County,12,0,49859,23999,25860,19521,20732,3109,3624,459,484,176,219,10,14,724,787
50,48,279,Texas,Lamb County,12,0,12893,6395,6498,5861,5895,282,316,107,116,27,41,5,7,113,123
50,48,281,Texas,Lampasas County,12,0,21428,10526,10902,9449,9797,508,399,110,148,123,179,59,58,277,321
50,48,283,Texas,La Salle County,12,0,7520,4425,3095,4270,2976,64,55,41,23,14,19,0,2,36,20
50,48,285,Texas,Lavaca County,12,0,20154,9863,10291,8966,9324,630,683,70,69,43,65,9,9,145,141
50,48,287,Texas,Lee County,12,0,17239,8678,8561,7359,7388,1001,859,107,90,51,50,21,16,139,158
50,48,289,Texas,Leon County,12,0,17404,8654,8750,7775,7830,637,641,72,78,45,72,2,2,123,127
50,48,291,Texas,Liberty County,12,0,88219,43574,44645,37953,38392,4035,4506,517,584,269,333,50,49,750,781
50,48,293,Texas,Limestone County,12,0,23437,12034,11403,9493,8926,2068,2030,165,122,85,103,10,7,213,215
50,48,295,Texas,Lipscomb County,12,0,3233,1653,1580,1526,1445,46,21,27,44,6,19,3,3,45,48
50,48,297,Texas,Live Oak County,12,0,12207,6705,5502,5936,5297,535,49,89,58,60,32,7,5,78,61
50,48,299,Texas,Llano County,12,0,21795,10558,11237,10117,10785,139,112,95,112,48,83,5,4,154,141
50,48,301,Texas,Loving County,12,0,169,98,71,95,65,2,4,0,1,1,1,0,0,0,0
50,48,303,Texas,Lubbock County,12,0,310569,153010,157559,132029,136736,12157,12245,1852,1786,3757,3610,196,222,3019,2960
50,48,305,Texas,Lynn County,12,0,5951,3051,2900,2835,2715,87,66,59,52,10,11,1,0,59,56
50,48,307,Texas,McCulloch County,12,0,7984,4023,3961,3710,3717,135,97,53,42,39,28,3,4,83,73
50,48,309,Texas,McLennan County,12,0,256623,125261,131362,101024,104250,17824,20237,1458,1480,2147,2352,156,154,2652,2889
50,48,311,Texas,McMullen County,12,0,743,392,351,363,332,10,8,2,2,1,4,0,0,16,5
50,48,313,Texas,Madison County,12,0,14284,8226,6058,6020,4844,1896,974,93,77,68,46,5,6,144,111
50,48,315,Texas,Marion County,12,0,9854,4836,5018,3659,3686,953,1102,59,67,45,47,1,2,119,114
50,48,317,Texas,Martin County,12,0,5771,2896,2875,2693,2705,100,71,45,49,15,16,3,2,40,32
50,48,319,Texas,Mason County,12,0,4274,2186,2088,2119,2012,20,18,17,15,5,9,9,3,16,31
50,48,321,Texas,Matagorda County,12,0,36643,18425,18218,15505,15139,1958,2166,251,245,371,335,25,21,315,312
50,48,323,Texas,Maverick County,12,0,58722,29442,29280,28247,28227,248,170,528,525,227,190,11,10,181,158
50,48,325,Texas,Medina County,12,0,51584,26629,24955,24482,23656,1190,414,262,265,206,248,56,40,433,332
50,48,327,Texas,Menard County,12,0,2138,1066,1072,1010,1023,27,10,11,25,2,2,0,0,16,12
50,48,329,Texas,Midland County,12,0,176832,89761,87071,78769,76550,6181,6024,1113,957,2024,1988,107,109,1567,1443
50,48,331,Texas,Milam County,12,0,24823,12255,12568,10594,10865,1156,1203,176,152,90,151,10,7,229,190
50,48,333,Texas,Mills County,12,0,4873,2436,2437,2333,2352,36,21,23,26,10,10,1,0,33,28
50,48,335,Texas,Mitchell County,12,0,8545,5176,3369,4044,3031,867,156,97,56,38,27,6,6,124,93
50,48,337,Texas,Montague County,12,0,19818,9735,10083,9256,9657,106,61,145,129,42,55,7,6,179,175
50,48,339,Texas,Montgomery County,12,0,607391,300569,306822,265043,268602,17289,18249,2979,2946,9198,10586,370,363,5690,6076
50,48,341,Texas,Moore County,12,0,20940,10861,10079,9170,8871,634,251,196,174,681,624,35,13,145,146
50,48,343,Texas,Morris County,12,0,12388,5947,6441,4348,4663,1303,1453,85,86,30,53,7,9,174,177
50,48,345,Texas,Motley County,12,0,1200,612,588,563,556,25,11,13,15,1,1,2,1,8,4
50,48,347,Texas,Nacogdoches County,12,0,65204,31370,33834,24723,25886,5342,6543,277,283,362,502,22,17,644,603
50,48,349,Texas,Navarro County,12,0,50113,24600,25513,20083,20517,3153,3524,274,295,191,210,390,443,509,524
50,48,351,Texas,Newton County,12,0,13595,6972,6623,5326,5105,1413,1270,61,71,52,27,2,0,118,150
50,48,353,Texas,Nolan County,12,0,14714,7342,7372,6635,6677,386,385,94,95,52,66,9,8,166,141
50,48,355,Texas,Nueces County,12,0,362294,179014,183280,162503,166750,7954,7515,1631,1516,3683,4383,267,253,2976,2863
50,48,357,Texas,Ochiltree County,12,0,9836,4935,4901,4657,4643,78,57,87,89,37,30,3,5,73,77
50,48,359,Texas,Oldham County,12,0,2112,1107,1005,1018,909,44,35,12,15,10,20,0,1,23,25
50,48,361,Texas,Orange County,12,0,83396,41354,42042,36199,36699,3568,3799,353,298,446,541,44,42,744,663
50,48,363,Texas,Palo Pinto County,12,0,29189,14338,14851,13365,13908,393,349,169,163,152,137,11,16,248,278
50,48,365,Texas,Panola County,12,0,23194,11509,11685,9369,9314,1734,1910,82,94,60,146,7,8,257,213
50,48,367,Texas,Parker County,12,0,142878,71181,71697,67341,68143,1323,1053,696,625,410,569,55,49,1356,1258
50,48,369,Texas,Parmer County,12,0,9605,4968,4637,4647,4377,94,77,95,65,36,56,23,11,73,51
50,48,371,Texas,Pecos County,12,0,15823,8972,6851,8043,6427,612,103,122,103,97,106,8,7,90,105
50,48,373,Texas,Polk County,12,0,51353,27759,23594,23265,20405,3273,1890,590,580,185,251,26,29,420,439
50,48,375,Texas,Potter County,12,0,117415,60341,57074,47061,46191,7518,5529,839,782,3614,3236,89,77,1220,1259
50,48,377,Texas,Presidio County,12,0,6704,3439,3265,3097,3086,63,34,67,50,155,55,1,0,56,40
50,48,379,Texas,Rains County,12,0,12514,6250,6264,5825,5875,173,166,80,69,49,57,4,3,119,94
50,48,381,Texas,Randall County,12,0,137713,67567,70146,61437,64503,2736,2148,681,667,1180,1312,58,51,1475,1465
50,48,383,Texas,Reagan County,12,0,3849,2056,1793,1890,1650,81,55,26,17,13,11,0,0,46,60
50,48,385,Texas,Real County,12,0,3452,1705,1747,1598,1657,21,16,33,35,9,5,6,6,38,28
50,48,387,Texas,Red River County,12,0,12023,5840,6183,4660,4884,925,1067,102,102,23,22,0,2,130,106
50,48,389,Texas,Reeves County,12,0,15976,9771,6205,8736,5767,713,174,83,76,144,104,7,8,88,76
50,48,391,Texas,Refugio County,12,0,6948,3436,3512,3033,3208,253,182,44,39,32,30,0,0,74,53
50,48,393,Texas,Roberts County,12,0,854,423,431,411,408,0,1,2,9,0,2,0,0,10,11
50,48,395,Texas,Robertson County,12,0,17074,8396,8678,6502,6493,1575,1869,86,95,82,63,5,7,146,151
50,48,397,Texas,Rockwall County,12,0,104915,51816,53099,44681,45832,3971,3812,469,413,1537,1845,61,60,1097,1137
50,48,399,Texas,Runnels County,12,0,10264,5201,5063,4802,4733,151,114,97,85,83,63,3,2,65,66
50,48,401,Texas,Rusk County,12,0,54406,29236,25170,22694,20211,5501,4020,323,254,200,186,27,21,491,478
50,48,403,Texas,Sabine County,12,0,10542,5160,5382,4609,4865,380,349,50,59,15,26,3,3,103,80
50,48,405,Texas,San Augustine County,12,0,8237,4061,4176,3115,3117,815,939,46,28,11,18,0,1,74,73
50,48,407,Texas,San Jacinto County,12,0,28859,14367,14492,12477,12549,1346,1392,157,141,64,93,14,8,309,309
50,48,409,Texas,San Patricio County,12,0,66730,33647,33083,31627,31134,761,627,348,324,359,453,53,53,499,492
50,48,411,Texas,San Saba County,12,0,6055,3280,2775,2962,2608,206,36,42,48,14,25,0,0,56,58
50,48,413,Texas,Schleicher County,12,0,2793,1386,1407,1320,1318,26,24,12,18,5,7,0,0,23,40
50,48,415,Texas,Scurry County,12,0,16703,9028,7675,7975,7123,680,235,138,97,80,53,6,3,149,164
50,48,417,Texas,Shackelford County,12,0,3265,1595,1670,1511,1585,34,26,19,15,3,12,1,1,27,31
50,48,419,Texas,Shelby County,12,0,25274,12536,12738,9905,9865,2083,2408,138,126,201,144,10,11,199,184
50,48,421,Texas,Sherman County,12,0,3022,1576,1446,1480,1382,42,15,20,20,12,13,0,0,22,16
50,48,423,Texas,Smith County,12,0,232751,112259,120492,88124,92851,19213,22233,992,979,1772,2065,88,158,2070,2206
50,48,425,Texas,Somervell County,12,0,9128,4508,4620,4232,4323,68,48,69,88,42,54,3,1,94,106
50,48,427,Texas,Starr County,12,0,64633,31537,33096,31061,32677,145,117,145,125,77,80,10,5,99,92
50,48,429,Texas,Stephens County,12,0,9366,4932,4434,4548,4200,197,83,70,56,48,31,4,3,65,61
50,48,431,Texas,Sterling County,12,0,1291,653,638,608,598,19,8,14,16,3,2,0,1,9,13
50,48,433,Texas,Stonewall County,12,0,1350,658,692,606,631,23,22,11,12,8,9,0,0,10,18
50,48,435,Texas,Sutton County,12,0,3776,1928,1848,1856,1774,25,11,26,25,8,12,0,1,13,25
50,48,437,Texas,Swisher County,12,0,7397,3955,3442,3370,3039,424,214,55,67,15,36,6,6,85,80
50,48,439,Texas,Tarrant County,12,0,2102515,1027836,1074679,754362,772436,176833,198719,9352,9184,58121,64028,2608,2695,26560,27617
50,48,441,Texas,Taylor County,12,0,138034,67130,70904,57006,60567,5942,5604,670,728,1322,1895,105,107,2085,2003
50,48,443,Texas,Terrell County,12,0,776,391,385,350,357,11,2,14,14,6,3,0,0,10,9
50,48,445,Texas,Terry County,12,0,12337,6506,5831,5907,5410,366,214,88,79,35,40,2,7,108,81
50,48,447,Texas,Throckmorton County,12,0,1501,718,783,694,745,6,8,8,12,2,6,0,0,8,12
50,48,449,Texas,Titus County,12,0,32750,16045,16705,13632,14124,1520,1726,426,367,189,198,29,25,249,265
50,48,451,Texas,Tom Green County,12,0,119200,59315,59885,53497,54516,2828,2388,684,679,815,884,121,96,1370,1322
50,48,453,Texas,Travis County,12,0,1273954,643738,630216,514852,500598,56003,57255,7828,7423,47356,47172,800,781,16899,16987
50,48,455,Texas,Trinity County,12,0,14651,7040,7611,6195,6651,621,690,61,94,30,46,4,6,129,124
50,48,457,Texas,Tyler County,12,0,21672,11694,9978,9744,8848,1618,810,102,80,48,87,10,5,172,148
50,48,459,Texas,Upshur County,12,0,41753,20582,21171,18197,18663,1602,1708,239,231,98,120,12,10,434,439
50,48,461,Texas,Upton County,12,0,3657,1844,1813,1684,1658,57,68,55,50,12,10,0,1,36,26
50,48,463,Texas,Uvalde County,12,0,26741,13126,13615,12492,13055,196,147,181,140,102,129,10,15,145,129
50,48,465,Texas,Val Verde County,12,0,49025,25054,23971,23611,22769,584,440,263,241,212,212,49,45,335,264
50,48,467,Texas,Van Zandt County,12,0,56590,27633,28957,25838,27150,848,809,285,261,147,178,22,64,493,495
50,48,469,Texas,Victoria County,12,0,92084,45112,46972,40319,42057,3003,3044,453,371,581,726,47,36,709,738
50,48,471,Texas,Walker County,12,0,72971,42377,30594,30099,22962,10873,6333,332,280,441,392,41,45,591,582
50,48,473,Texas,Waller County,12,0,55246,27503,27743,19756,19449,6453,7054,442,368,374,380,35,31,443,461
50,48,475,Texas,Ward County,12,0,11998,6082,5916,5478,5347,331,304,97,94,33,38,5,6,138,127
50,48,477,Texas,Washington County,12,0,35882,17537,18345,13817,14374,3093,3232,100,116,277,353,12,8,238,262
50,48,479,Texas,Webb County,12,0,276652,136141,140511,132579,137361,1179,854,808,793,845,859,83,65,647,579
50,48,481,Texas,Wharton County,12,0,41556,20413,21143,17160,17676,2721,2925,193,155,112,132,11,15,216,240
50,48,483,Texas,Wheeler County,12,0,5056,2539,2517,2360,2310,86,71,42,52,12,32,0,0,39,52
50,48,485,Texas,Wichita County,12,0,132230,68342,63888,55964,53036,8103,6576,888,866,1328,1496,117,82,1942,1832
50,48,487,Texas,Wilbarger County,12,0,12769,6278,6491,5234,5555,549,502,105,100,220,180,5,4,165,150
50,48,489,Texas,Willacy County,12,0,21358,11817,9541,11089,9210,441,143,79,74,139,46,9,5,60,63
50,48,491,Texas,Williamson County,12,0,590551,291138,299413,234536,241743,21459,22087,2633,2480,23288,24051,482,446,8740,8606
50,48,493,Texas,Wilson County,12,0,51070,25632,25438,24355,24153,532,422,249,250,123,211,32,20,341,382
50,48,495,Texas,Winkler County,12,0,8010,4138,3872,3804,3594,168,106,80,89,38,34,2,2,46,47
50,48,497,Texas,Wise County,12,0,69984,35060,34924,33173,33158,656,456,379,436,222,241,29,26,601,607
50,48,499,Texas,Wood County,12,0,45539,22602,22937,20509,20987,1344,1186,226,249,141,138,16,20,366,357
50,48,501,Texas,Yoakum County,12,0,8713,4434,4279,4195,4065,69,64,88,65,26,27,3,0,53,58
50,48,503,Texas,Young County,12,0,18010,8942,9068,8444,8582,170,137,125,123,65,76,4,6,134,144
50,48,505,Texas,Zapata County,12,0,14179,7051,7128,6932,7018,49,29,29,35,14,21,1,1,26,24
50,48,507,Texas,Zavala County,12,0,11840,6028,5812,5800,5628,86,66,70,64,20,10,10,9,42,35
